순번	영상ID	제목	길이	상태
1	7dfbDm8Fwa8	서울 한복판 63빌딩 20개, 아파트는 안 된다? (더 큐리어스 김열매 대표)	81분	DONE
2	gRNmCDgqQIw	2천조원 가계빚 폭탄, 아파트 선분양이 낳은 괴물 (동국대학교 경제학과 박선영 교수)	83분	DONE
3	LUeLYNZqxs0	용산공원 대혈투 팩트만 뜯어봤습니다 (언더스탠딩 장순원 기자)	45분	DONE
4	ilfqdi6uYzw	"10평 더 짓게 해줄게" 이게 빌라 공급 대책? (언더스탠딩 장순원 기자)	30분	DONE
5	sVUTmmjuZ6s	300평 펜트하우스 정부가 막았다 (언더스탠딩 장순원 기자)	39분	DONE
6	sQG-R3l6_3o	세금 깎아줘야 집값 잡힙니다 (싱가포르국립대 경영대학 부동산학과 이관옥 교수) (2부)	39분	DONE
7	S_ZZxVbwK8o	한국 보유세 낮다고? 직접 계산해봤습니다 (싱가포르국립대 경영대학 부동산학과 이관옥 교수) (1부)	60분	DONE
8	yXupZjctWjM	금싸라기 아파트 왜 왕따 됐나 (언더스탠딩 장순원 기자)	33분	DONE
9	dCDjXzOojdU	재건축 조합 성과급 논란, 대안은 없나 (언더스탠딩 장순원 기자)	36분	DONE
10	poF9rvBW5PM	한강 위에 집을 짓자고? 진심인가요? (토지주택연구원 최상희 선임연구원)	72분	DONE
11	NBImj7DXYyE	전세사기 1/3 보장법, 아직도 구멍 많은 이유 (언더스탠딩 백종훈 기자)	35분	DONE
12	2BR4uXFZ2rY	부모가 준 전세금, 20년 뒤 국세청에 털립니다(2부) (세무법인 리치 이장원 세무사)	35분	DONE
13	uJlfke5FMrM	실거주 안한 1주택자 폭탄 맞나...장특공제 축소 개편논란 (언더스탠딩 백종훈 기자)	35분	DONE
14	UUq7EDvjbqY	(1부) 시골집 하나 때문에 세금 8억 나왔습니다 (세무법인 리치 이장원 세무사)	38분	DONE
15	WuKhGefGpSA	둔촌주공보다 독하다 진흙탕 성남 재개발 (언더스탠딩 장순원 기자)	53분	DONE
16	6CNYmb_cohA	상가를 주택으로 리모델링? 차라리 재건축이 쉽습니다 (언더스탠딩 장순원 기자)	35분	DONE
17	8E2JxYShT9A	지하철 믿고 산 땅, 자칫하면 10년간 피 말립니다 (김종율아카데미 김종율 대표)	71분	DONE
18	yTc15fSbXqo	기생충 촬영지 재개발 운명이 바뀐 사연  (언더스탠딩 장순원 기자)	36분	DONE
19	Vfpfkvvmy9U	반값아파트의 귀환, 16억이 3억 된다? (언더스탠딩 백종훈 기자)	42분	DONE
20	pCZvT3g5vTs	이삿날 전세사기, 40년간 방치한 이유  (언더스탠딩 장순원 기자)	38분	DONE
21	7cNWmwvs2jU	누구나 반값 아파트 싱가포르 어떻게 가능했나  (언더스탠딩 장순원 기자)	52분	
22	UbB0U966PLw	아파트 공급절벽 맞나. 오락가락 데이터 왜? (언더스탠딩 장순원 기자)	30분	DONE
23	2aCoWx43I2U	월세 27만원인데 관리비가 105만원? '꼼수 관리비' 어떻게 가능해졌나  (언더스탠딩 백종훈 기자)	30분	
24	KFYIsSjjerw	원룸 월세 500만원, 연봉 8천도 쫓겨나는 '뉴욕'의 현실 [이코노미스트 분석] (해담경제연구소 어예진 소장)	25분	
25	2pBrYs8rhys	영장 없이 계좌 본다 '부동산감독원' 온다 (언더스탠딩 백종훈 기자)	39분	
26	ETfLHFwzhb4	다주택자 때려도 집값 오르는 이유 (분전 아카데미 김건우 대표)	81분	
27	OXEFeqkVPWA	1.29 공급대책 현실에서는 이런 걸림돌 있습니다 (언더스탠딩 장순원 기자)	38분	
28	GvjknPowMsk	삼성은 용인 가는데 돈은 동탄이 번다? (도시문헌학자 김시덕 박사)	37분	DONE
29	YUzvNQEdIb4	단군 이래 최대 난제, 손도 못 대는 임대주택 재건축 (언더스탠딩 장순원 기자)	32분	
30	qwCyyAkR7jw	월세지옥 뉴욕 극약처방 시작됩니다 (언더스탠딩 장순원 기자)	38분	
31	5pTg_qXOLxs	쓰레기 소각장 비상, 서울 난리났습니다 (언더스탠딩 백종훈 기자)	30분	
32	rT1EJ9_rdhg	꽉 막힌 대출 전세 쇼크 옵니다 (레오대출연구소 김은진 대표) [2025년 11월 17일 녹화본]	59분	
33	aqM4Noc09TQ	상가 낀 재건축 판이 달라졌습니다 (언더스탠딩 장순원 기자)	27분	
34	k3TNzrYAOMs	미친 공급 없으면 집값 절대 못잡습니다 (커넥티드그라운드 채상욱 대표)	76분	
35	wO6PQ2r0pn8	서울 부동산 규제지역, 불법으로 정했다? (언더스탠딩 백종훈 기자)	44분	
36	6i_6JK9nGEg	로또가 된 임대주택 직접 가봤습니다 (언더스탠딩 장순원 기자)	42분	
37	4yfUfS86ul4	부동산에 미친 한국, 매주 집값 발표하는 이유 (언더스탠딩 백종훈 기자)	39분	
38	GyHZ4_0eKgE	아파트 도로 때문에 전쟁이 벌어졌습니다 (언더스탠딩 장순원 기자)	35분	
39	JzOmFkGRdLc	충격적 부동산 규제, 그래도 집값은 오른다? (분전 아카데미 김건우 대표)	68분	
40	e1X4MOfWBow	서울공항 활주로가 분당아파트 3억 올렸습니다 (언더스탠딩 장순원 기자)	39분	
41	Wl_Yt1jwJ48	악몽이 된 청년안심주택, 세번의 기회 놓쳤습니다 (언더스탠딩 장순원 기자)	48분	
42	KHUuD-bVCsI	부자는 돈 더 내세요 주택연금의 배신 (언더스탠딩 장순원 기자)	22분	
43	42Dy6dAm0ME	임대주택 올인한 정부 사회주택 대체 뭐길래 (언더스탠딩 백종훈 기자)	33분	
44	h62YvKbPOA8	뉴스테이 아파트 임대만기 앞두고 대혼란 대체 왜? (언더스탠딩 장순원 기자)	33분	
45	xUexHtLfaXg	김포공항 고도제한 목동이 뒤집어졌습니다 (언더스탠딩 장순원 기자)	31분	
46	vxh8DhU591Q	새 아파트를 할부로 나눠 산다고? (언더스탠딩 백종훈 기자)	36분	
47	rNS5UrQSPsw	월세 지옥, 뉴욕이 뒤집어졌습니다 (언더스탠딩 장순원 기자)	31분	
48	geXzTb1-u5k	대출 규제 폭탄 집값 조정이냐 급락이냐 (분전 아카데미 김건우 대표)	69분	
49	EXMJ0-OsqHU	누구를 위한 로또인가 한강뷰 임대주택 논란 (언더스탠딩 장순원 기자)	35분	
50	cgSYj5_gF60	공포가 끌어올린 강남 부동산, 이재명 정부 정책 변수는? (분전 아카데미 김건우 대표)	67분	
51	3acOnOP3mWQ	학교가 재건축의 폭탄이 될 겁니다 (언더스탠딩 장순원 기자)	37분	
52	hAv7tMwjr58	금싸라기 땅 아파트는 왜 흉물이 됐나 (언더스탠딩 장순원 기자)	27분	
53	vDwU9LnWoR8	엉망진창 재건축초과이익 환수제 논란 확산 (언더스탠딩 장순원 기자)	31분	
54	ggg1OzgSOcI	재개발 잘못 들어갔다가 아파트 한채 날렸습니다 (언더스탠딩 장순원 기자)	29분	
55	wX_q-0ctZrQ	조기 대선이 집값에 이런 영향을 미칠 겁니다 (분전 아카데미 김건우 대표)	69분	
56	5qab_xMP61k	제자리 재건축 뭐길래, 분당 재건축 난리났습니다 (언더스탠딩 장순원 기자)	26분	
57	sfNclkqYDPA	정부가 대출을 줄이는 대신 '지분형 모기지'란 걸 해주겠다고 합니다 (언더스탠딩 김상훈 기자)	28분	
58	ZuvWBkA2pbM	새 아파트에 골치 아픈 문제가 숨어 있습니다 (언더스탠딩 장순원 기자)	40분	
59	j-LqwxDzyV0	공사 0% GTX-C 망했을지도 모릅니다 (언더스탠딩 백종훈 기자)	32분	
60	PxB_s_qQfKg	끝없는 둔촌주공, 무서운 통지서 날아왔습니다 (언더스탠딩 장순원 기자)	22분	
61	U4oWUus2pjg	GTX가 아파트 스쳤더니 황당한 일이 벌어졌습니다 (언더스탠딩 장순원 기자)	27분	
62	jrWdgMfzGRc	강남 아파트가 파산하겠답니다. 대체 무슨 일이 벌어진 걸까요? (언더스탠딩 장순원 기자)	32분	
63	ZRbmMC5L5BE	서울 상급지 아파트 미치도록 오르는 이유 (분전 아카데미 김건우 대표)	65분	
64	fu8dhBBfZNQ	은행이 대출을 잘 해줄까? 부동산 대출 브레이크, 올해도 또 걸릴 겁니다 (라이프자산운용 배문성 팀장)	55분	
65	VLdxB_nYRys	묶어 뒀던 그린벨트 지방은 확 푸는 이유 (언더스탠딩 백종훈 기자)	25분	
66	FwqSiz9QeQQ	서울도 뉴욕처럼 남는 용적률 사고파는 이유 (언더스탠딩 장순원 기자)	31분	
67	CN_x0096y9Q	한국 주담대 변동금리 상품만 판치는 이유 (언더스탠딩 김상훈 기자)	36분	
68	-lsrKrqw1ww	미분양 아파트 쌓이는 지방, 대출 풀어도 효과 없는 이유 (언더스탠딩 백종훈 기자)	34분	
69	HBwAFfi8EMo	끝없는 공사비 분쟁, 왜 자꾸 반복될까 (언더스탠딩 장순원 기자)	42분	
70	Nhli9rtZYdY	강남 아파트 족쇄가 풀렸습니다 이 시점에 왜? (언더스탠딩 백종훈 기자)	32분	
71	QA9qx_BvIPg	건설사가 뻥튀기 청구서 내미는 진짜 이유 (언더스탠딩 장순원 기자)	37분	
72	ZCjP-yktmxQ	구멍난 전세제도 그냥 방치하는 이유 (언더스탠딩 백종훈 기자)	25분	
73	2imeqNAqUBc	분양권 잘못 사면 양도세 폭탄 맞습니다 (언더스탠딩 장순원 기자)	20분	
74	4t9DHKWmdtg	강북 재건축 대놓고 밀어주기 시작했습니다 (언더스탠딩 장순원 기자)	24분	
75	UupAxz2VPuE	강남에 대규모 아파트 공급, 그린벨트 풀어도 쉽지 않습니다 (언더스탠딩 백종훈 기자)	27분	
76	iPUiu8kIptI	재건축 올스톱 위기, 이 판결에 달렸습니다 (분전 아카데미 김건우 대표)	61분	
77	sE5YH2QMoRw	200억원 한남동 아파트 고급주택이 아닌 이유 (언더스탠딩 백종훈 기자)	39분	
78	Ls5yNO7gNcg	삼성의 미래는 수원 집값을 보면 압니다 (부자의생각 강병호 대표)	65분	
79	cFPZjflLePo	송도 노른자땅 30만평 16년째 방치된 이유 (언더스탠딩 백종훈 기자)	25분	
80	7a0czZ8BqQI	레지던스 대란 아직 끝나지 않았습니다 (언더스탠딩 장순원 기자)	26분	
81	WVf1DN6NVAA	리츠 투자, 이게 문제였습니다 (단국대 부동산대학원 서원형 겸임교수)	77분	
82	nmLYhxTBzBM	상가 낀 재건축 올스톱 위기입니다 (언더스탠딩 장순원 기자)	34분	
83	kKj4iLq-s4c	어금니 꽉 깨무세요. 아파트 공급절벽 옵니다 (투미부동산컨설팅 김제경 소장)	72분	
84	gUCaih1Dpik	부동산 신탁이 뭐길래 하루아침에 망하나 (언더스탠딩 장순원 기자)	26분	
85	HUiXPEZUgLU	분당 일산 재건축, 이러다간 제때 시작 못할 겁니다 (분전아카데미 김건우 대표)	64분	
86	LEtjjXEGPQQ	노부모는 부양 필요없다? 청약 제도 개편 논란 (언더스탠딩 장순원 기자)	22분	
87	mREkJfT7vBs	아파트 리츠 한국에서 지독하게 안 되는 이유 (언더스탠딩 김상훈 기자)	27분	
88	bBUowJsZrlU	임대주택 분양가 논란, 떼법인가 꼼수인가 (언더스탠딩 장순원 기자)	27분	
89	N-NFoGOcmNc	아파트 짓는 건설사는 왜 신체포기각서 썼나 (언더스탠딩 김상훈 기자)	37분	
90	Pbfy9TOBU4I	분당 전세대란 불가피할 겁니다 (언더스탠딩 장순원 기자)	41분	
91	I6PaVladWvw	사무실이 주택으로 바뀝니다 집값은 어디로? (CoreBeat 류혜식 애널리스트)	71분	
92	0UZO68L3Daw	아파트 공급 부족하다는 통계, 잘 봐야 하는 이유 (라이프자산운용 배문성 팀장)	78분	
93	zw7srGb6h_M	3기 신도시는 과연 집값을 잡을 수 있을까요? (분전아카데미 김건우 대표 / 행복자산관리연구소 김현우 소장)	76분	
94	kHj2FwX7XGc	서울 재개발 대혼란 벌어진 이유 (투미부동산컨설팅 김제경 소장)	67분	
95	qvfqjhy5sHY	아파트 옥상에 군대가 들어옵니다 (언더스탠딩 장순원 기자)	24분	
96	9AYlqb7xk58	오세훈 시장이 강북 재건축 미는 이유 (언더스탠딩 장순원 기자)	26분	
97	idXTdtL_oaU	리모델링판 둔촌주공 사태, 이촌동 현대아파트에 무슨 일이? (언더스탠딩 장순원 기자)	34분	
98	gQbGfgmQDHo	전세대출은 세입자가 빌린 걸까 집주인이 빌린 걸까? (언더스탠딩 김상훈 기자)	35분	
99	3OcxQsWf8BQ	일산 용적률 미스터리 왜 하필 300%일까? (언더스탠딩 장순원 기자)	35분	
100	xuhOPp3p-Bs	스마트폰이 아파트 재건축을 바꿀겁니다 (언더스탠딩 장순원 기자)	25분	
101	LEc259gjSrg	금리 내려도 집값 안 오를 겁니다 (분전아카데미 김건우 대표)	71분	
102	Hapezd_E-CU	한남 재개발 조합원은 왜? 현대건설 정문을 들이받았나 (언더스탠딩 장순원 기자)	32분	
103	I4_91HTGxA4	레지던스 시한폭탄이 곧 터집니다 (언더스탠딩 장순원 기자)	37분	
104	Gd9xpgeisTM	끝나지 않은 둔촌주공 이번엔 전세대출 혼란 (언더스탠딩 백종훈 기자)	28분	
105	YDbfCXUfK2I	LH는 왜 갑자기 빌라왕이 되겠다는 걸까 (언더스탠딩 장순원 기자)	22분	
106	FDpsyLmSMaE	토지거래허가제 미스터리 50억 반포는 왜 빠졌나 (언더스탠딩 장순원 기자)	32분	
107	JDAfPsGlejk	전세대출 못 받는다고? 은행 대출 창구 대혼란 (언더스탠딩 김상훈 기자)	35분	
108	PGIdiVOzh3I	지방 건설사 난리났습니다. 뜨거워진 민참공사 논란 (언더스탠딩 장순원 기자)	33분	
109	6QUj6PtcG_E	청약통장 이런 분들은 미련 없이 버리세요 (행복자산관리연구소 김현우 소장)	68분	
110	mhtD0O1_YY8	너무 쾌적한 3기 신도시가 집값 폭등 주범입니다 (건국대학교 부동산대학원 박합수 겸임교수)	69분	
111	FWpWVms0DUw	건설사에 떨어진 빚 폭탄, 책임준공이 이래서 무섭습니다 (언더스탠딩 장순원 기자)	33분	
112	zMhu6F8ebf4	찬바람 불면 집을 사러 나서야 합니다 (분전아카데미 김건우 대표)	71분	
113	QOMDvpNkhdY	재건축 상가투자, 진짜 빨간불이 켜졌습니다 (언더스탠딩 장순원 기자)	42분	
114	2wTuk4btC8k	대형마트는 절대 혼자 죽지 않습니다 (언더스탠딩 장순원 기자)	19분	
115	yW30bqR9mzA	불편해도 버티던 재건축 몸테크는 끝났습니다 (법무법인 율촌 최준영 전문위원)	60분	
116	k6zXwqULAEY	쓰러질 것 같은 임대주택, 재건축 안되는 이유 (언더스탠딩 장순원 기자)	42분	
117	691EaEhHS_8	낡은 집에 살 걸 그랬나, 암만 봐도 이상한 재건축 부담금 (언더스탠딩 장순원 기자)	32분	
118	zDK5fkxDhrI	서울시가 둔촌주공 1천 채를 헐값에 사갔습니다 (언더스탠딩 장순원 기자)	32분	
119	l0NL0fHJWUU	한국 아파트는 왜 PF의 무덤이 됐나 (언더스탠딩 김상훈 기자)	53분	
120	WFX714Fdr7A	민간 아파트 사전청약, 시한폭탄이 될 수 있습니다 (언더스탠딩 장순원 기자)	29분	
121	Tq00H8dFICM	강남 고급빌라 주인들이 세금 230억 아낀 사연 (언더스탠딩 장순원 기자)	30분	
122	XB5DRr5NaM4	이런 정책 나오면 집값 올라갑니다 (언더스탠딩 장순원 기자)	29분	
123	MmdYCCeAFCE	은행에서 이상한 본드를 판대요 이름이 커버드... 본... 드? (언더스탠딩 장순원 기자)	24분	
124	ZdveICfegt4	확 내려간 대출금리, 은행의 속셈은 이겁니다 (언더스탠딩 장순원 기자)	25분	
125	kdu-RoAwLcw	둔촌주공 이번에는 학교 때문에 난리 났습니다 (언더스탠딩 백종훈 기자)	33분	
126	2U_Gd44iIPg	아파트 공사비 더 오른다는 판결, 정말일까요? (언더스탠딩 장순원 기자)	38분	
127	iY3xu2TtueU	현대차 사옥 층수 반토막, 그런데 서울시가 화난 이유? (언더스탠딩 장순원 기자)	28분	
128	kQjJFPINrs0	1기 신도시 재건축 이대로면 50년도 더 걸려요 (투미부동산컨설팅 김제경 소장)	65분	
129	DBJxF_h1k0U	속도 내는 1기 신도시 재건축 현실에선 이게 폭탄입니다 (언더스탠딩 장순원 기자)	28분	
130	mdW5snbfKho	'3년 전 가격으로 팝니다' 강남 아파트에 무슨 일이? (언더스탠딩 장순원 기자)	18분	
131	NrUc5yeolg0	아파트 공급 부족 생각보다 훨씬 심각합니다 (분전아카데미 김건우 대표)	65분	
132	W7tGZ9vVdDQ	PF 대출 이제는 정말 터뜨린다? feat. 정부 PF 정상화 대책 (언더스탠딩 김상훈 기자)	40분	
133	DfspZXY2NFI	고무줄 베란다 확장 공사 비용, 정부는 왜 눈감아줄까? (언더스탠딩 장순원 기자)	27분	
134	oaBQde5PAgI	태영건설 워크아웃인데, 주인은 그대로? (언더스탠딩 김상훈 기자)	39분	
135	RPdAK5L9MNQ	임대주택 낀 아파트 단지, 큰일 났습니다 (언더스탠딩 장순원 기자)	27분	
136	wqG8NrKNxBo	총선 이후 부동산, 이렇게 움직입니다 (채상욱 채부심 대표)	47분	
137	064ezU5BlKc	엉망이 된 GTX 삼성역, 정부가 수천 억 물어줘야 합니다 (언더스탠딩 장순원 기자)	32분	
138	Sh7xqQzUnwY	망해 버린 신도시 재건축, 수학공식으로 설명해보겠습니다 (건국대 부동산대학원 이용각 겸임교수)	63분	
139	3HpC79wd8kA	집값은 결국 다시 오른다? 데이터로 반박해 보겠습니다 (라이프자산운용 배문성 이사)	70분	
140	Wv6O8HhW4U4	거들떠보지 않던 중층아파트, 몸값이 달라질겁니다 (언더스탠딩 장순원 기자)	27분	
141	zdVpY6YyMAQ	이번엔 나랏돈으로 건설사 PF 구하기? (언더스탠딩 김상훈 기자)	32분	
142	X9ZhEWYpLEQ	"책임준공" PF보다 더 끔찍한 단어가 될 겁니다 (언더스탠딩 장순원 기자)	21분	
143	LGc4TuF2wJ4	민간 재건축 시대, 이제 끝났습니다 (채상욱 채부심 대표)	44분	
144	lSjGaEqGA70	태영건설 상장폐지? 진짜 문제는 이겁니다 (언더스탠딩 김상훈 기자)	29분	
145	ByJbyizJq_c	국세청 때문에 부동산 리츠는 난리 났습니다 (언더스탠딩 장순원 기자)	29분	
146	_tWfBQPqxsI	전세사기범이 빌라에 폭탄을 숨겨놓은 이유 (한국일보 김동욱 기자)	33분	
147	373sD5-Hvi4	돈 되는 재개발 아니었나? 강남도 올스톱 (언더스탠딩 장순원 기자)	19분	
148	Gbw-QzfH-qc	재건축도 아니고 리모델링인데 이 공사비 실화입니까?! (언더스탠딩 장순원 기자)	22분	
149	bU1XoKYCZKY	성과급 눈먼 공기업이 3기 신도시를 죽였다? (언더스탠딩 장순원 기자)	29분	
150	1Hz5r5qTxGE	역대급 분양대금 횡령 사건, 진범은 따로 있습니다 (박휘영 변호사 / 법무법인 휘명)	57분	
151	sjzKSzVGVUA	뉴욕 세입자 보호법이 은행을 망치는 이유 (언더스탠딩 장순원 기자)	18분	
152	7F4pth2nKWE	요즘 아파트들은 왜 다 49층으로만 지을까 (언더스탠딩 장순원 기자)	18분	
153	gs8_ivGemwk	내가 낸 분양대금이 줄줄이 새고 있다? (언더스탠딩 김상훈 기자)	36분	
154	cJd5NHc96vQ	인구는 줄어드는데 아파트 더 지어야 합니까? (국토교통부 진현환 차관)	82분	
155	x6rFQARq7jY	호텔 주인이 호텔에 사는 게 합법일까 불법일까 (언더스탠딩 장순원 기자)	28분	
156	CNwuAfiP3mc	은행은 왜 망해간다던 롯데건설을 살려줬나 (언더스탠딩 김상훈 기자)	26분	
157	5ZhtUBS562g	100층 용산의 꿈, PF가 발목 잡나 (언더스탠딩 김상훈 기자)	15분	
158	l8SiOkEgfXM	건설사는 빚을 이렇게 숨깁니다 (언더스탠딩 장순원 기자)	16분	
159	QISG8CSsjUo	청량리 아파트가 높이 솟아오른 진짜 이유 (언더스탠딩 장순원 기자)	27분	
160	aQrokjPUAJM	재건축 규제 풀면 "이런 아파트"만 좋아집니다 (채부심 채상욱 대표)	36분	
161	HCP8tB0Tvn0	둔촌주공보다 머리 아픈 바로 그 재건축 아파트 (언더스탠딩 장순원 기자)	21분	
162	Zu9-rj59GPo	집주인과 세입자의 계약갱신권 소송, 사례별로 정리해드립니다 (최광석 로티스 대표변호사)	62분	
163	k4dQKrjoPb0	양자역학보다 어려운 1기 신도시 재건축(그렇다고 안된다는 건 아닙니다) (분전아카데미 김건우 대표)	73분	
164	Den9rPd-gB0	지금 대출 갈아타는 게 돈 버는 겁니다 (언더스탠딩 장순원 기자)	12분	
165	jeSvqq1BxiU	태영건설 다음은 롯데? 어디까지 번지나 (언더스탠딩 김상훈 기자)	42분	
166	J8sNeNbp9c4	북아현동 재개발 왜 논란일까? (언더스탠딩 장순원 기자)	18분	
167	t9_fIixJets	태영건설은 왜 자꾸 돈을 다른 곳으로 보낼까 (언더스탠딩 김상훈 기자)	41분	
168	Vm6PqDfXz14	[몰아보기] 위기의 태영건설, 지난 한 달 중간 정리 (언더스탠딩 김상훈 기자)	74분	
169	XD94oNE0Yos	임대차보호법 대법원 판결 후폭풍 일파만파 (언더스탠딩 장순원 기자)	33분	
170	zYpNB-qxrdE	태영건설 또 3조원 빚폭탄 나왔다 (언더스탠딩 김상훈 기자)	15분	
171	IjWQEZjNgso	태영건설이 안 갚은 451억 원의 진실 (언더스탠딩 김상훈 기자)	36분	
172	832FHba6cA0	단군이래 최대의 골칫거리, 1기 신도시 재건축 (이프로)	20분	
173	FDLfOosEqRY	저출산이 불러올 부동산 붕괴 시나리오 (유튜브 채부심 채상욱 대표)	56분	
174	k1Q_pRGGTxc	살얼음판 부동산 시장, 약한 자부터 쓰러집니다 (라이프자산운용 배문성 팀장)	70분	
175	e_2QPnevN4k	새 아파트 지으려다 이것 때문에 멘붕 옵니다 (언더스탠딩 장순원 기자)	40분	
176	zqnZBN3Rb-U	설마 태영건설까지? 위기의 부동산 PF (언더스탠딩 김상훈 기자)	16분	
177	XjrPIk4WLi0	2024 부동산 전망, 집값 다시 오릅니다 (분전아카데미 김건우 대표)	70분	
178	o62XskPJ_D8	아파트 리모델링, 빨간불 켜졌습니다 (언더스탠딩 장순원 기자)	17분	
179	DmQSDd7ue0E	집값은 내년에도 별로입니다. 그런데 다음해는? (아기곰 [재테크 불변의 법칙] 저자)	55분	
180	IMa-aGYopNc	여의도 재건축에 빨간불이 켜졌습니다 (언더스탠딩 장순원 기자)	22분	
181	ZTcuQS0WLag	재건축초과이익환수제 이게 진짜 문제입니다 (김제경 투미부동산 소장)	59분	
182	PClFow_Gtqs	GTX 역세권이 중요한 진짜 이유 (언더스탠딩 장순원 기자)	28분	
183	QSCKTatqiD4	3천억 원 받아가고 15년 째 이자 한푼 안 주는 이유 (언더스탠딩 장순원 기자)	20분	
184	5v5hWjydguc	갑자기 변심한 국토부, 재건축 상가 큰일났습니다 (분전리서치 김건우 대표)	55분	
185	o8SsX-JNTw4	무주택자의 지옥이 된 미국 부동산 (언더스탠딩 장순원 기자)	23분	
186	lqJ_J6BtmiI	이게 말이 됩니까? 1기 신도시 특별법에 빡친 이유 (유튜브 채부심 채상욱 대표)	38분	
187	R-0CRbA2a_E	폐가처럼 텅 비었다, 지식산업센터에 무슨 일이 (언더스탠딩 장순원 기자)	24분	
188	SjX1c1Xy4QI	이것 모르면 재개발 입주권 날리고 현금청산됩니다 (김제경 투미부동산컨설팅 소장)	55분	
189	VXGbrLraAU8	분당·일산 재건축 특별법, 특혜인가 희망고문인가 (언더스탠딩 장순원 기자)	28분	
190	J228zx9R3mE	독일 집값의 추락, 한국도 따라가나 (언더스탠딩 장순원 기자)	21분	
191	pNvBDiQtz7M	강남 노른자도 흔들린다.. 살얼음판 부동산PF 대출(언더스탠딩 장순원 기자)	27분	
192	T1DgouOSTWw	미국 부동산 경매에 주택이 헐값에 나오는 이유 (네오집스 어태수 대표)	72분	
193	uk0_LTfUS2k	DSR에 막힌 집값, 대세 상승은 없다 (채부심 채상욱 대표)	51분	
194	3fBcMJCZTIk	한번쯤은 해야 할 이야기. 文정부 부동산 정책 설계자의 자기고백 (세종대 김수현 교수/전 청와대 정책실장)	77분	
195	-2n2SqhwIb4	집값 상승 부추기는 복병, 아파트 공사비 (언더스탠딩 장순원 기자)	23분	
196	yKJrs6_PTn8	금리 고공행진에도 대출 더 늘어난 이유 (김상훈 기자)	31분	
197	ArLXWk_gvV8	[하이라이트] 중도금 먼저 보내면 이런 일이 벌어집니다 (김예림 대표 변호사/법무법인 심목)	4분	
198	my5khqgNsU4	미국 부동산은 왜 허위매물이 없을까 (네오집스 어태수 대표)	56분	
199	ToRTNSbYzG8	해외 부동산 투자할 때 외환거래, 세금 꿀팁 다 정리해드립니다 (하나은행 김상미 팀장, 김태희 세무사)	58분	
200	b5nY3Tf5tt0	부동산 대출 살리는 데 21조 긴급 투입  (언더스탠딩 김상훈 기자)	19분	
201	R1OSjEbDR_o	호텔로 지어진 생활형숙박시설(레지던스)가 투기판이 된 이유 (언더스탠딩 장순원 기자)	18분	
202	XayOpWHiwWQ	덮어뒀던 부동산 대출, 터지기 시작했다 (언더스탠딩 김상훈 기자)	29분	
203	L-eWvtE-97Y	못쓰는 용적률과 새 아파트를 바꾸는 방법 (장순원 기자)	25분	
204	hIqIygXp-Pc	탐욕의 대가인가 억울한 피해자인가. 생활형숙박시설(레지던스) 대란 (언더스탠딩 장순원 기자)	31분	
205	WZMQ8y0JIbE	재개발 노린 건설사의 황당한 지분 쪼개기 (언더스탠딩 장순원 기자)	24분	
206	LvDLCF1Eu1w	지금 집 사는 걸 고민해야 하는 이유 (분전아카데미 김건우 대표)	60분	
207	GMHs8whCtAk	부동산 소액투자 이러다 지뢰밟습니다 (법무법인 심목 김예림 대표변호사)	54분	
208	1s-Hub7wddI	빚 내서 집 사라는 정부의 신호가 진짜 위험한 이유 (이화여대 경제학과 석병훈 교수)	74분	
209	QGtOubrMSes	적금 넣듯이 지분 모으는 아파트 나온다 (언더스탠딩 장순원 기자)	21분	
210	JgGb2-OsXAY	정부가 부동산 대출 다시 압박하는 이유 (언더스탠딩 김상훈 기자)	22분	
211	28SQZrm2wWU	처음 겪는 상황 온다. 함부로 집 사지 마라 (라이프자산운용 배문성 팀장)	72분	
212	Tuu8T09XTW8	중국 부동산, 알고 보니 폰지였다? (언더스탠딩 김상훈 기자)	28분	
213	AX0RhClRUFk	아파트 더 높~게 지어줄게. 대우건설은 뭘 믿고 약속했나 f.한남2구역 재개발 (언더스탠딩 장순원 기자)	28분	
214	uQtJRMvbVik	논란의 무량판 아파트 진짜 문제는 이겁니다 (언더스탠딩 장순원 기자)	35분	
215	5q5aNSxp9YA	끝나지 않은 둔촌주공, 이번엔 구청과 소송전 (언더스탠딩 장순원 기자)	32분	
216	RCYCt2NMRoE	"위험은 네가, 수익은 내가" 부동산 PF의 진실 (언더스탠딩 김상훈 기자)	30분	
217	JEjxZvzMJDE	순살 아파트, 진짜 범인은 누구인가 (채상욱 대표/유튜브 채부심)	71분	
218	7ra7jpNTvII	압구정 재건축 아파트에 고발장까지 등장한 사연 (장순원 기자)	35분	
219	A7EgxOeQk3c	[하이라이트] 이런 표 보신 적 있으시죠? 재개발·재건축 투자 수익 계산법 10분 안에 정리해 드립니다 (법무법인 심목 김예림 대표 변호사)	10분	
220	Kt1kVHeKE7g	전세대출을 막으라는 말이 나오는 이유 (김상훈 기자)	28분	
221	aiFuOeF3YbM	(2부) 일본 부동산 투자, 이런 건 피해라 (글로벌PMC 김용남 대표)	24분	
222	TMttFhav8pM	(1부) 한국 부자들이 요즘 일본 부동산 사는 이유 (글로벌PMC 김용남 대표)	51분	
223	kJojfTV-b4c	반지하 침수 피해, 대체 왜 못 막나 (언더스탠딩 장순원 기자)	21분	
224	Vrn8lQ9kKos	지방소멸이 수도권 집값에 치명적인 이유 (채상욱 대표/유튜브 채부심)	73분	
225	jUhtfRYUBy4	(2부) 아파트 재건축 투자 때 걸핏하면 놓치는 것들 (김예림 대표 변호사/법무법인 심목)	22분	
226	jQcTTdFAcek	(1부) 재개발은 어떻게 결정되고 추진되는가 (김예림 대표 변호사/법무법인 심목)	51분	
227	tOgsChFNIFc	아파트 발코니가 돈 되는 이유 (언더스탠딩 장순원 기자)	31분	
228	soHfZEdmsJw	용산전자상가는 실리콘밸리가 될 수 있을까 (장순원 기자)	23분	
229	bywmgvR7KpQ	재건축 투자 관심 있으면 무조건 보세요 (법무법인 심목 김예림 대표 변호사)	60분	
230	b8c-UbwXvGo	이렇게 계약하면 전세사기 당합니다 (언더스탠딩 장순원 기자)	27분	
231	ciR6HC4va80	우리가 월세보증금 많이 내는 건 이것 때문입니다 (KRG그룹 김기성, 김준영 대표)	60분	
232	C8XAKYQJ6Ls	아파트값 분명히 한번 더 떨어집니다 (광수네 복덕방 이광수 대표)	75분	
233	Dzpzvq22JCQ	은행은 둔촌주공 대출이자를 왜 깎아줬을까 (언더스탠딩 장순원 기자)	25분	
234	qAUxRdbsT3o	역전세발 집값하락은 없다 (분전리서치 김건우 대표)	79분	
235	EdfShUIaPr4	(2부) 부동산 상승론자가 불안한 이유 (배문성 팀장/라이프자산운용)	26분	
236	DGywJGm5y5g	(1부) 부동산 물량폭탄이 온다 (배문성 팀장/라이프자산운용)	52분	
237	IvlWPQA5D68	미국 빌라왕의 참혹한 최후 (장순원 기자)	27분	
238	JSw8R7lwEwY	집값 반등에 속지 마라 (커넥티드 그라운드 채상욱 대표)	60분	
239	cH8t69nnGW8	역마진 주담대까지 등장했다 (언더스탠딩 김상훈 기자)	26분	
240	JAaP99otOHQ	전세는 결국 사라지게 될까 (유튜브 채부심 채상욱 대표)	43분	
241	Qw6HkikjXNw	샌프란시스코 빌딩값 폭락 사태 (언더스탠딩 장순원 기자)	34분	
242	YrGlvoaHNVY	전세사기 대책, 이래서 분통 터집니다 (언더스탠딩 장순원 기자)	31분	
243	N8wFxzJNJfI	이것은 특혜인가 족쇄인가..압구정 한강보행교의 진짜 의미는? (언더스탠딩 장순원 기자)	19분	
244	w7S7iVPjxQw	쏟아지는 전세사기 대책, 무엇이 문제인가 (언더스탠딩 장순원 기자)	26분	
245	6v2NQgxnyHc	이 영상 한번 보면 복잡한 부동산PF 완전 정복! (DL이앤씨 재무관리실 함영중 투자관리 담당)	73분	
246	Ku8p5fGcbbI	1기 신도시 재건축, 상가쪼개기가 폭탄됩니다 (언더스탠딩 장순원 기자)	37분	
247	RgKTPF75dW4	부동산 반등 믿지 마세요. (채부심 채상욱 대표)	37분	
248	DVnwzO8SJME	아파트 중도금 대출 억울해서 못받겠다 f. 언더스탠딩 장순원 기자	21분	
249	MefV4vZMtPo	유치원 알박기인가, 3천세대 횡포인가 f. 언더스탠딩 장순원 기자	27분	
250	Biv0queJu0c	거래 없는 부동산, 반등은 멀었다 (유튜브 채부심 채상욱 대표)	32분	
251	z4a0GHR3aJY	진짜 반값 아파트가 서울에 떴다!!!! f. SH공사 김헌동 사장	72분	
252	yEvY_8XjgWI	(2부) 은행 대출 금리 앞으로 내려갈 겁니다 f. 언더스탠딩 장순원 기자	20분	
253	k1suj-mzstk	(1부) 아파트 가격, 이만큼 내려갈 수 있다고? f. 언더스탠딩 장순원 기자	35분	
254	5jw95Y9D5EI	1기신도시 특별법, 시장에 미칠 영향은? (전연규 법무사법인 기린 대표)	73분	
255	lqQJynIOoLY	특례보금자리론 설명이 이렇게 재밌다고? (행복자산관리연구소 김현우 소장)	41분	
256	rLsx7_OttJw	특례보금자리론, 너무 잘나가서 걱정인 이유 (언더스탠딩 장순원 기자)	29분	
257	4JwZ0IHTG4k	[레전드모음] 2023 부동산 전망 한방에 정리해드립니다｜이스트스프링자산운용코리아 배문성 크레딧 애널리스트	201분	
258	mK780HviQrQ	대치동 아파트는 요즘 이렇게 재건축합니다 (언더스탠딩 장순원 기자)	23분	
259	lGp7FJne2LM	역전세난 이제 시작에 불과하다. (채상욱 작가)	43분	
260	7nkTHnjTbw4	다주택자가 저글링으로 세금 아끼는 방법 (언더스탠딩 장순원 기자)	20분	
261	42bi7S0LoDI	(2부) 부채로 끌어올린 부동산의 암울한 최후 f. 이스트스프링자산운용코리아 배문성 크레딧 애널리스트	18분	
262	87xMTVbRk5M	(1부) 시한폭탄이 된 부동산 부채위기 f. 이스트스프링자산운용코리아 배문성 크레딧 애널리스트	57분	
263	4x9ayeZtW_I	빚바랜 특례보금자리론, 3% 파격금리 나올까 f. 언더스탠딩 장순원 기자	26분	
264	Sm0JJ6FkMWI	둔촌주공 닮아가는 원베일리 f. 언더스탠딩 장순원 기자	23분	
265	ek2regCtW6k	HUG가 '호구(HOGU)'로 불리는 이유 (언더스탠딩 장순원 기자)	31분	
266	bmzP3qa9Wyk	(2부) 집 사려는 당신, 하반기를 주목하십시오 (분전리서치 김건우 대표)	25분	
267	UbfaKrPhf8k	(1부) 부동산 바닥은 전세가에 달렸다 (분전리서치 김건우 대표)	51분	
268	EpIjWUiO8_E	집주인에게 세금 고지서가 발송된 순간 내 전세보증금이 위험하다 (박종오 한겨레신문 기자)	43분	
269	aFDpn3Jf3k0	정부의 둔촌주공 일병 구하기 (언더스탠딩 장순원 기자)	31분	
270	XWOwr9Q-pQQ	규제 풀어도 아파트 미분양은 늘어납니다 (채상욱 작가)	34분	
271	y6eIE3J543s	부동산, 올해가 더 위험하다 (이스트스프링자산운용 배문성 크레딧 애널리스트)	77분	
272	dzTADvB9fdk	중도금 단체대출인데, 왜 내 금리만 비쌀까 (언더스탠딩 장순원 기자)	28분	
273	4DUhFI9Xkz4	다주택자 규제 싹 다 풀렸다 (언더스탠딩 장순원 기자)	30분	
274	9e21o_XWYQE	부동산 바닥은 저가주택부터 온다 (채상욱 작가)	35분	
275	fEuJyZLWhc4	계약갱신권 대법원 판결을 반드시 알아야 하는 이유 (언더스탠딩 장순원 기자)	40분	
276	NKTauZXLvJY	별장, 그런거 함부로 사는 거 아니다 (언더스탠딩 장순원 기자)	29분	
277	EdPKmW0D96I	대치동아파트도 별장이 될 수 있을까? 별장에 세금 때리는 이유 (언더스탠딩 장순원 기자)	28분	
278	EbVKTPC4ZEs	사라지는 사전청약, 왜? 좀비 된 뉴욕 오피스 (언더스탠딩 장순원 기자)	27분	
279	b00Soka54zk	은마 주민들이 회장님 집으로 몰려간 사연 (언더스탠딩 장순원 기자)	30분	
280	9qq5n2k6C2Y	전세 하락에서 시작되는 부동산 대학살 시나리오 (이스트스프링스자산운용 배문성 크레딧 애널리스트)	73분	
281	zfYCaMEZGqo	14억짜리 주방뷰, 둔촌주공 분양 정말 괜찮은 걸까 (언더스탠딩 장순원 기자)	25분	
282	GPeQRj3CO-4	작년 내집 마련한 100만명은 잠이 오지 않는다 (채상욱 작가)	42분	
283	INMxWq76ai0	정부를 믿은 죄라니. 목동아파트의 억울한 사연 (언더스탠딩 장순원 기자)	33분	
284	3Da_VCyZK3U	낡은 아파트 상가가 돈이 되는 이유 (전연규 대표 2부)  f. 법무사법인 기린 전연규 대표	21분	
285	H1Y2xA2R5B4	아파트 재건축 레이스, 목동과 분당 승자는? (전연규 대표 1부) f. 법무사법인 기린 전연규 대표	54분	
286	QcutAWg58pU	충격! 부동산 등기부등본을 믿을 수 없다니 (언더스탠딩 장순원 기자)	25분	
287	e1b7dyiZpz8	물량 폭탄 터진다. 공공분양 50만호 숨은 의미 (채상욱 작가)	38분	
288	kNjPL0h_pmw	15억 넘는 아파트 대출 풀리는 이유 (언더스탠딩 장순원 기자)	37분	
289	_1yk-CDd8aU	나 혼자 살아요. 분양 받을 수 있나요? (언더스탠딩 장순원 기자)	19분	
290	SrCwEMJglDM	아파트 미분양, 이제 쏟아지나 (채상욱 작가)	45분	
291	T1WRMxuUrLI	은마아파트 재건축의 또다른 복병 (언더스탠딩 장순원 기자)	28분	
292	XbtDcHx82fg	리모델링 아파트에 대한 3가지 오해 (DL이앤씨 주택기술개발원 김태호 박사)	59분	
293	ZrtJCtZzlt4	모듈러 주택이 뭐길래 이토록 논란인가 (스페이스웨이비 홍윤택 대표)	56분	
294	rlUKlOFVaqo	늘어나는 빈집, 폭락조짐인가 반등신호인가 (박정호 2부) f. 명지대학교 박정호 특임 교수	28분	
295	dHEb5Lb5E4s	서울에도 빈집이 10만채나 있습니다 (박정호 1부) f. 명지대학교 박정호 특임 교수	44분	
296	ZtrBfm0DCtM	미국인은 집 살 때 어떻게 대출 받을까 (해빗팩토리 이동익 대표)	60분	
297	BR2epJNzC1w	강북 재개발 쉽지 않은 이유 (전연규 2부) f.수도권 재건축·재개발조합 연합회 전연규 사무총장	34분	
298	I1SZpw6Ad5w	맨날 싸우는 재건축조합의 속사정 (전연규 1부) f.수도권 재건축·재개발조합 연합회 전연규 사무총장	43분	
299	bhqj6_k9sk0	저금리 돌아가도 부동산 계속 내릴까 (채상욱 2부) f. 채상욱 작가	19분	
300	sX260MpsIiY	'무(無)정책' 부동산 시대 (채상욱 1부) f. 채상욱 작가	26분	
301	9SSLhiSlb04	[오디오 수정] 학교가 재건축의 발목을 잡았다고? (언더스탠딩 장순원 기자)	21분	
302	xVSFD61-fuY	전세 감소가 부동산에 미친 영향 (이상우 2부) f. 인베이드투자자문 이상우 대표	23분	
303	WJCBRSYvql8	학군이냐 직장이냐. 부동산 입지 딜레마 (이상우 1부) f. 인베이드투자자문 이상우 대표	51분	
304	YePZ9Sj4t4Q	재건축부담금 줄어들면 새 아파트 늘어날까 (언더스탠딩 장순원 기자)	30분	
305	eLtQdPobL4s	전세금보다 세금 먼저 걷는 나라 (언더스탠딩 장순원 기자)	33분	
306	Hygle79f2Pg	여러분! GTX에 큰 문제가 생겼습니다ㅠㅠ (언더스탠딩 장순원 기자)	46분	
307	_HwGCBfgXIc	바보야. 재건축은 조합장이 문제야! (장영수 개포주공3단지 재건축조합 대표청산인)	73분	
308	CuhwMTFnSqQ	재산세 고지서를 보고 깜짝 놀란 이유 (언더스탠딩 장순원 기자)	24분	
309	4yT96O0pieU	산 넘으니 또 산..진흙탕 둔촌주공 (언더스탠딩 장순원 기자)	37분	
310	ChzRiMeNMVo	전세사기, 이것이 문제다 (채상욱 작가)	34분	
311	7CKQC3aI468	신도시에 대형브랜드 아파트 안보이는 이유 (언더스탠딩 장순원 기자)	24분	
312	hvoZImJWVJI	치솟는 대출금리, 이것이 문제다 f. 언더스탠딩 장순원 기자	31분	
313	5zbY042zkPQ	둔촌주공 공허한 결말, 이럴거면 왜 싸웠지? (언더스탠딩 장순원 기자)	19분	
314	quYWJwF3Yq0	윤석열 부동산 정책, 무엇을 주저하나 (채상욱 작가)	56분	
315	QT7oFxbkxoM	매트가 다가 아니다…층간소음 잡는 비밀병기는? (언더스탠딩 장순원 기자)	17분	
316	b9LWhkM1Jmg	영끌족 울리는 코픽스, 더 오를까 (언더스탠딩 김상훈 기자)	29분	
317	fpjc0K6G43Y	[언더스탠딩X패스트파이브] 뭘 해도 안되는 꼬마빌딩 살리는 법 (패스트파이브 부동산그룹 빌딩솔루션팀 안치용 팀장)	80분	
318	yFAdAdKn3Qs	이제는 주택 공급이 충분합니다 (채상욱 작가)	72분	
319	bZu2arNROec	빌라로 돈버는 참 이상한 방법 (김동욱 한국일보 기자)	64분	
320	PJvyIfF3skY	한강맨션 집주인은 재건축부담금 7억씩 내라는 계산법 (언더스탠딩 장순원 기자)	27분	
321	O3P3YSqe4go	부동산 거래절벽, 앞으로 이렇게 됩니다 (박원갑 KB국민은행 부동산 수석전문위원)	74분	
322	bq09Y5Ui_S8	용산국제업무개발 10년만에 재추진 f. 언더스탠딩 김상훈 기자_22.07.27_언더스탠딩	27분	
323	TLXkFmB_fiM	목조주택, 이것 모르고 지으면 큰일납니다 f. 유튜버 황금망치_22.07.25_언더스탠딩	56분	
324	Y2UYM4EAuro	종부세 변화가 부동산에 미치는 영향 (2부) f.채상욱 작가_언더스탠딩	24분	
325	575i879Vzss	확 달라지는 부동산 보유세 (1부) f.채상욱 작가_언더스탠딩	49분	
326	R6bqKL7tBjo	둔촌주공 이번엔 상가건물이 문제다... f. 언더스탠딩 장순원 기자_22.07.07_언더스탠딩	21분	
327	5MnnfwV7QBo	고정금리 대출이 왜 변동금리보다 싸졌을까. f. 언더스탠딩 김상훈 기자_22.07.07_언더스탠딩	36분	
328	wV_YW0i1bjk	윤석열 부동산 박근혜와 다르다 2부 f. 채상욱 작가_언더스탠딩	30분	
329	fMI-lL_7_j4	공급 늘고 대출 줄고, 하반기 집값 떨어진다 1부.  f. 채상욱 작가_언더스탠딩	42분	
330	JWkaFi1HDkk	사람 잡는 층간소음, 이유가 뭘까 f. DL이앤씨 최영락 상무_언더스탠딩	61분	
331	c-bGKc5_J2E	재건축이 공사비 놓고 늘 싸우는 이유 f. 언더스탠딩 장순원 기자_언더스탠딩	24분	
332	HfZCQd55bME	새로 발표한 상생임대인 제도에 숨겨진 것들 f. 언더스탠딩 김상훈 기자_언더스탠딩	36분	
333	6fWSHAK4qlY	월세 뜨고 전세 지고, 부동산 확 바뀐다 f. 채상욱 작가. 언더스탠딩	47분	
334	AGRfl98tLoQ	돈줄 막힌 둔촌주공. 무엇이 문제인가 f. 언더스탠딩 장순원 기자. 언더스탠딩	26분	
335	tUKiGnhuD2k	아파트 부족한데, 재개발은 왜 잘 안되나 f. 언더스탠딩 장순원 기자. 언더스탠딩	33분	
336	QLgHNKtg_9Y	15억 이상 대출금지 위헌일까 f. 언더스탠딩 김상훈 기자_언더스탠딩	29분	
337	7lX8CgaMzDU	도쿄에서 집 사는 게 별거 아닌 이유 (2부) f. 와세다대학교 박상준 교수_언더스탠딩	31분	
338	F4ZDl1LHwME	분양가 상한제, 이렇게 바뀐다 f. 언더스탠딩 장순원 기자	39분	
339	C5PHB4DNXRY	대출금리 대체 어디까지 오를까 f. 백브리핑 김상훈 기자_[백브리핑 라이브]	40분	
340	MIATTAg039Y	둔촌주공 타워크레인 철수, 장기표류 신호인가 f.백브리핑 장순원 기자_[백브리핑 라이브]	28분	
341	Q-Gemn8oBNE	재건축/재개발 조합과 시공사는 왜 맨날 싸우게 되는가 | 언더스탠딩 다시보기 | 자막 ver. | 2021.10.21. 녹화	35분	
342	7i0IyU1j0IM	올 여름 전세대란은 없다?. f. 채상욱 작가_백브리핑 라이브	43분	
343	2k7fT_hqVgs	안심전환대출의 귀환, 고정금리로 갈아타라? f. 백브리핑 장순원 기자_[백브리핑 라이브]	22분	
344	Mldd91HKiS8	그냥 집 팔지 마? 세무사 두통유발 부동산세, 대체 어떻길래? f. 세무법인 다솔 안수남 대표세무사	44분	
345	D9d3WQtG2K0	이러다 100년 만기 주담대도 나올판 f. 백브리핑 장순원 기자	25분	
346	VzVHY-dN8hY	아기곰 작심 발언. 부동산 정책, 이래서 문제다 f. 아기곰 [재테크 불변의 법칙] 저자_22.04.28_[백브리핑 라이브]	73분	
347	9yVxL274rqY	둔촌주공의 교훈, 차라리 신탁으로? f. 백브리핑 장순원 기자_22.04.26_[백브리핑 라이브]	27분	
348	zy6eXW4J5KU	조합에게 직접 듣는다. 둔촌주공 사태의 전말 f. 강정원 둔촌주공 재건축조합 자문위원/계약법률 TF팀장_22.04.21_[백브리핑 라이브]	76분	
349	93MWWZ20QKM	재무제표로 살펴보는 둔촌주공 사태 f. 김수헌 글로벌모니터 대표_22.04.21_[컴퍼니 백브리핑]	57분	
350	zVsoYVU-H3U	파국으로 가는 둔촌주공, 누가 죽는 게임인가 f. 백브리핑 장순원 기자_22.04.14_[백브리핑 라이브]	35분	
351	0R6iCMYDSFM	재건축 재개발 완화하면 무슨 일이 벌어질까 f. 채상욱 작가_22.04.07_[백브리핑 라이브]	43분	
352	x9Bo5s_ZP4A	쌍용차 평택부지 당장 개발 못하는 이유 f. 백브리핑 김상훈 기자_22.04.06_[백브리핑 라이브]	26분	
353	mAD8z4ZCLBs	부동산 중개보수 반으로 줄이는 꿀팁?  f. 백브리핑 장순원 기자_22.04.05_[백브리핑 라이브]	31분	
354	PZeQYgSwAl4	결국 DSR 건드리나, 尹정부 대출규제 완화 만지작 f.백브리핑 김상훈 기자 [백브리핑 라이브]	24분	
355	19n2Odup6gs	윤석열 정부 부동산 세제, 어떻게 바뀌나 f.법무법인 율촌 장재형 세제팀장 [백브리핑 라이브]	45분	
356	7c-cSaf2k-8	'임대주택' 방점 尹부동산정책, 모든 게 바뀐다 f. 채상욱 작가_22.03.24_[백브리핑 라이브]	42분	
357	UrJPjxqFIzE	설계자가 직접 밝히는 비대면 주담대의 비밀 f. 송호근 카카오뱅크 주택담보대출 총괄팀장_22.03.23_[컴퍼니 백브리핑]	56분	
358	iPsCQZQY0hA	용산 대통령 집무실, 부동산엔 어떤 영향? f. 백브리핑 장순원 기자_22.03.22_[백브리핑 라이브]	28분	
359	sSPOj-yxagM	이쯤에서 점검하는 부동산 향방. f.김학렬 스마트튜브 소장_22.03.11_[백브리핑 라이브]	43분	
360	SefrB6k7cxs	'재건축 초과이익환수제' 첫 부과 나오나 f.백브리핑 장순원 기자 [컴퍼니 백브리핑]	23분	
361	rzAOx9PQoA8	35층룰 사라지면 부동산 시장에 무슨 일이_22.03.03_채상욱 작가_[백브리핑 라이브]	46분	
362	1FjVl3ZKaMo	[백브리핑 라이브] 올해부터 주택공급 늘어난다고? 진짜로? f. 채상욱 작가	59분	
363	glp6u6a1pzs	[백브리핑 라이브] 대출금리 6% 코 앞이라는데... 2.99% 주담대 있다고? f.백브리핑 김상훈 기자	20분	
364	Mip4uysdiRo	[백브리핑 라이브] 분양제도 개편이 부동산에 미칠 영향은 f. 채상욱 작가	62분	
365	juNg2JQY4As	[백브리핑 라이브] 감당 안되는 전세... 반전세 급증한 이유는?_채상욱 작가	63분	
366	uW0xZW12mro	[백브리핑 라이브] 꼼수인가? 묘수인가? 29가구 분양하는 리모델링 아파트f. 백브리핑라이브 장순원 기자	29분	
367	esMrCQzBu_Q	[백브리핑 라이브] 데이터로 보는 부동산 전망, 이제 꺾일 일만 남았다? f. 리치고 김기원 대표	67분	
368	YTpXTlFT8IY	[백브리핑 라이브] 가슴 후벼파는 빠숑의 한마디, 지금이라도 사야할까..? f. 스마트튜브 김학렬 소장	70분	
369	iFOm_eSgLkc	[백브리핑 라이브] 땅 없는 아파트의 재건축 문제, 앞으로 계속 벌어진다 f. 백브리핑 장순원 기자	24분	
370	PTB53aH8-qg	[백브리핑 라이브] DSR 대출규제 충격파, 휘청이는 오피스텔 시장 f. 백브리핑 김상훈 기자	23분	
371	f7grq_xvHWY	[백브리핑 라이브] 너무 튼튼한 요즘 아파트, 재건축 안되고 리모델링 된다? f. 채상욱 작가	63분	
372	Tbz8AXOmWmk	[백브리핑 라이브] 적격대출 받기 전격 대작전, 대체 무슨 사연이 f. 백브리핑 장순원 기자	20분	
373	ggYzQHT9qog	[백브리핑 라이브] 내년 1월28일! 이때부터 서울 신축빌라 투자 신중해야하는 이유 f. 백브리핑 장순원 기자	33분	
374	hJRV5MuHYiY	[백브리핑 라이브] 성수동이냐 한남동이냐, MZ세대 노리는 리테일 부동산_21.12.24_CBRE 코리아 리테일 김용우 이사	65분	
375	bsIoBILIfz0	[백브리핑 라이브] 왜 리모델링은 번번이 좌절하나, 결국 재건축으로 유턴?(2부)_21.12.23_ 채상욱	54분	
376	9KAXOBNZrP4	[백브리핑 라이브] 메타버스 땅투자의 치명적 약점, 플렉스가 안되네(1부)_21.12.23_ 채상욱	36분	
377	Tiu3GSE0Xf0	[백브리핑 라이브] 집값이 떨어진다. 세종, 대구, 거제엔 무슨 일이? f. 채상욱 작가	52분	
378	KVR-hCOczyU	[백브리핑 라이브] 내년에도 대출 어렵다 f. 백브리핑 장순원 기자	23분	
379	BKc5DLHTJRA	[백브리핑 라이브] “상업용 오피스, 없어서 못 들어간다? 이 시국에?” f. 쿠시먼 & 웨이크필드 최용준 상무	54분	
380	O03KTTw9yqA	[백브리핑 라이브] 알아보자 뜯어보자, 뜨거운 감자 국토보유세 f. 한신대학교 강남훈 교수	55분	
381	l4OE5bN3iSg	[백브리핑 라이브] 종부세가 부른 임대아파트의 분란 f. 백브리핑 장순원 기자	24분	
382	IlVkK4vmc7s	[백브리핑 라이브] 재개발 입주권, 이거 모르고 들어가면 패가망신 f. 법무법인 정향 김예림 변호사	56분	
383	pXHcQfgoRjM	[백브리핑 라이브] 이프로 빠진 부동산 이야기 이 분위기는 뭐지? f.포컴마스 채상욱 대표	53분	
384	bqiaaRIDG2c	[백브리핑 라이브] 은행 대출 문턱, 낮아지나? f. 백브리핑 장순원 기자	25분	
385	41WOcEzD_1s	[백브리핑 라이브] 서울 강남에 3억짜리 아파트가 가능하다고? f. 경제정의실천시민연합 김성달 정책국장	54분	
386	ILpvFnANd74	[백브리핑 라이브] 국토보유세란 무엇인가 f. 백브리핑 장순원 기자	20분	
387	mV0iTaE2lzo	[백브리핑 라이브] 유산세에서 유산취득세로 전환, 물 건너가나 f. 백브리핑 장순원 기자	22분	
388	VBG2qVni_GE	[백브리핑 라이브] 분양가상한제 개편, 분양가는 오를까 내릴까? f. 포컴마스 채상욱 대표	56분	
389	pZm4mLof6_I	[백브리핑 라이브] 법원 판결도 엇갈리는 계약갱신청구권 1부  f. 법무법인 정향 김예림 변호사	36분	
390	idc99DtbaPs	[백브리핑 라이브] 법원 판결도 엇갈리는 계약갱신청구권 2부 f. 법무법인 정향 김예림 변호사	40분	
391	T_qAOQRM88A	[일당백 인터뷰] 오피스텔 너마저...아파트보다 비싼 과천 오피스텔 청약에 12만명 몰렸다 f. 포컴마스 채상욱 대표	64분	
392	EkDC-OmjD-A	[주인장 백 브리핑] 아파트 동간 거리 규제 완화, 왜? f. 백브리핑 장순원 기자	21분	
393	hOqv4JfOfV0	[일당백 인터뷰] 부동산 사모펀드 VS 부동산 리츠 f. 행복자산관리연구소 김현우 소장	46분	
394	j5fOLPPM9qc	[일당백 인터뷰] 서울 부동산 가격, 변곡점인가?! f. 포컴마스 채상욱 대표	46분	
395	mkSY57riavY	[일당백 인터뷰] 브레이크 걸린 재건축 조합의 시공사 바꾸기 관행 f. 법무법인 정향 김예림 변호사	43분	
396	C03XkDGhhr8	[주인장백브리핑] 유류세 인하 검토 카드 만지작 거리는 정부_f.백브리핑 장순원 기자	33분	
397	rpkoA0X4hGk	[일당백 인터뷰] 토지임대부 주택의 허와 실 f.백브리핑 장순원 기자	34분	
398	csM1CKunF_g	[일당백인터뷰] 새 부동산 중개 수수료 19일부터 시행_f. 백브리핑 장순원 기자	38분	
399	el9tKhpx1w0	[일당백 인터뷰] 3기 신도시 2차 사전청약, 분양가 최소 3억? f. 포컴마스 채상욱 대표	48분	
400	jnlxxPFk9qE			
401	-uXm5jTjt-8			
402	sitCH95ziOg			
403	yRXbwcBaZn8			
404	Oe9Kt3fBiiM			
405	qLpyL7MYznc			
406	2jRU5giVK0U			
407	eV0arcngyzA			
408	CCNqSs8d138			
409	tZARBWo-EOE			
410	zCLToaCR-EM			
411	juuS-xjkarg			
412	jeMqsuLO2s4			
413	-93VgFHmWco			
